Job Title, Company, Job Details
Application Developer | React | Node | AWS,Online Education Services,An exciting opportunity for an experienced Application Developer with experience using React, Node and AWS
Graduate Front End Developer,Hit Factory AI,Kick-start your front-end dev career in a start up with and work with founders with runs on the board. Flexible with growth opportunities.
Web Developer,Studio Alt,Join Studio Alt as a Web Developer! Build awesome websites, tackle exciting projects, and bring your passion for e-commerce to our fun, creative team!
Software Engineer,FourQuarters Recruitment,Multiple .NET Full stack developers needed
Front-End Developer - Remote,Just Digital People,Opportunity for a Front-End Developer to join a high growth Web3 gaming business.
Full Stack Developer,DXC Technology Australia & New Zealand,Full Stack Developer opportunity to join DXC's talented team, delivering a long term new project
React Developer,Elysium Digital,Seeking an experience React Developer to join a 10-week contract with an ASAP start
Full Stack Developer -NodeJs/ReactJS,Arcadian Digital Pty Ltd,We are looking for a energetic and forward-thinking Full Stack Developer to join our team, working on a variety of SaaS based web applications.
Front End React Developer,Capgemini Australia Pty Ltd,Are you a Front End React Developer who is looking to jump onto some challenging projects and get the future you want? Read on!
Application Developer | React | Node | AWS,Online Education Services,An exciting opportunity for an experienced Application Developer with experience using React, Node and AWS
Senior Front End Developer,Talent – Specialists in tech, transformation & beyond,Join this fast growing SaaS company as a Senior Front End Developer and work on cutting-edge software products & create exceptional user experiences
Front End Developer,Morgan Consulting,Mid Level Front End React Developer – Melbourne Based - 2 days in the office, 3 days at home – Permanent Full Time! Salary:
Front End Developer,Docuscan Australia Pty Ltd,At Docuscan, we are an innovative tech start-up changing the world of Intelligent Document Processing, using world leading AI.
Senior Front End Developers,PRA,Work in a high-performing engineering team who are passionate about clean code, work on high-end tech + scalable applications.
Senior Fullstack Developer,Talenza,My client is a global powerhouse across the #HospoTech space, offering solutions to over 7000 clients across 70 different countries.
Senior Full Stack Developer,InstantScripts,Excellent opportunity for a Senior Full Stack Developer to join the team
Full Stack Developer,The Citadel Group,Be responsible for designing, developing, and maintaining scalable web applications across the front and back end.
Senior front end developer (React experienced),Milestone Information Technology,Milestone IT is currently working with this brilliant Organisation who right now has an exciting opportunity for an experienced Frontend Developer ...
Full Stack Developer,AxisTech,We are looking for a Full Stack Developer to join our team developing complex GIS and data management platforms.
Front-End Software Engineer (Angular),Roller Software,ROLLER is a global SaaS company helping businesses in the attractions industry bring joy & happiness to the world!
